date, pm25, pm10, o3, no2, so2, co
2021/4/1, 70, 21, 11, , , 
2021/4/2, 50, 30, 23, , , 
2021/4/3, 66, 27, 8, , , 
2021/4/4, 62, 19, 4, , , 
2021/4/5, 67, , , , , 
2021/3/1, 91, 25, 9, 4, , 
2021/3/2, 65, 22, 7, 2, , 
2021/3/3, 52, 30, 17, 4, , 
2021/3/4, 73, 27, 17, 3, , 
2021/3/5, 63, 32, 19, 3, , 
2021/3/6, 71, 35, 24, 1, , 
2021/3/7, 77, 37, 22, 5, , 
2021/3/8, 116, 43, 16, 8, , 
2021/3/9, 110, 46, 15, 9, , 
2021/3/10, 115, 44, 26, 12, , 
2021/3/11, 116, 42, 22, 8, , 
2021/3/12, 107, 43, 24, 7, , 
2021/3/13, 108, 47, 21, 2, , 
2021/3/14, 120, 45, 14, , , 
2021/3/15, 97, 39, 15, , , 
2021/3/16, 84, 42, 14, , , 
2021/3/17, 96, 46, 19, , , 
2021/3/18, 119, 41, 21, , , 
2021/3/19, 110, 44, 18, , , 
2021/3/20, 102, 37, 17, , , 
2021/3/21, 87, 44, 12, , , 
2021/3/22, 108, 36, 29, , , 
2021/3/23, 99, 52, 37, , , 
2021/3/24, 133, 50, 32, , , 
2021/3/25, 115, 30, 21, , , 
2021/3/26, 60, 31, 12, , , 
2021/3/27, 67, 26, 16, , , 
2021/3/28, 64, 26, 17, , , 
2021/3/29, 62, 41, 23, , , 
2021/3/30, 92, 38, 21, , , 
2021/3/31, 88, 44, 19, , , 
2021/2/1, 147, 61, 27, , , 
2021/2/2, 131, 57, 25, , , 
2021/2/3, 136, 59, 25, , , 
2021/2/4, 138, 51, 32, , , 
2021/2/5, 128, 54, 23, , , 
2021/2/6, 133, 62, 39, , , 
2021/2/7, 150, 49, 18, , , 
2021/2/8, 121, 34, 23, , , 
2021/2/9, 100, 31, 26, , , 
2021/2/10, 74, 38, 31, 16, , 
2021/2/11, 94, 41, 32, 17, , 
2021/2/12, 108, 49, 14, 11, , 
2021/2/13, 126, 39, 4, 6, , 
2021/2/14, 105, 38, 13, 6, , 
2021/2/15, 98, 39, 16, 5, , 
2021/2/16, 94, 44, 11, 8, , 
2021/2/17, 104, 52, 9, 9, , 
2021/2/18, 130, 41, 13, 10, , 
2021/2/19, 110, 43, 21, 13, , 
2021/2/20, 106, 55, 27, 15, , 
2021/2/21, 149, 58, 17, 8, , 
2021/2/22, 150, 48, 19, 6, , 
2021/2/23, 115, 54, 10, 6, , 
2021/2/24, 137, 54, 24, 8, , 
2021/2/25, 133, 50, 23, 6, , 
2021/2/26, 136, 52, 23, 5, , 
2021/2/27, 137, 51, 9, 2, , 
2021/2/28, 137, 25, 5, , , 
2021/1/4, 87, 38, 31, , , 
2021/1/5, 93, 47, 38, , , 
2021/1/6, 116, 43, 38, , , 
2021/1/7, 104, 39, 26, , , 
2021/1/8, 84, 32, 33, , , 
2021/1/9, 66, , 39, , , 
2021/1/13, 125, 63, 61, , , 
2021/1/14, 160, 63, 45, , , 
2021/1/15, 160, 67, 53, , , 
2021/1/16, 158, 51, 32, , , 
2021/1/17, 150, , 31, , , 
2021/1/19, 125, 60, 45, , , 
2021/1/20, 154, 59, 31, , , 
2021/1/21, 151, 66, 62, , , 
2021/1/22, 158, 70, 63, , , 
2021/1/23, 165, 50, 47, , , 
2021/1/24, 123, 39, 62, , , 
2021/1/25, 102, 43, , , , 
2021/1/26, 102, 50, 22, , , 
2021/1/27, 118, 42, 9, , , 
2021/1/28, 103, 55, 15, , , 
2021/1/29, 125, 55, 22, , , 
2021/1/30, 139, 54, 28, , , 
2021/1/31, 132, 59, 33, , , 
2020/10/1, 26, 14, , , , 
2020/10/2, 39, 16, , , , 
2020/10/3, 51, 23, , , , 
2020/10/4, 51, 20, , , , 
2020/10/5, 54, 23, , , , 
2020/10/6, 54, 20, , , , 
2020/10/7, 53, 15, , , , 
2020/10/8, 38, 12, , , , 
2020/10/9, 35, 13, , , , 
2020/10/10, 32, 20, , , , 
2020/10/11, 47, 29, , , , 
2020/10/12, 71, 18, , , , 
2020/10/13, 58, 19, , , , 
2020/10/14, 53, 21, , , , 
2020/10/15, 43, 14, , , , 
2020/10/16, 40, 7, , , , 
2020/10/17, 21, 9, , , , 
2020/10/18, 23, 16, , , , 
2020/10/19, 38, 19, , , , 
2020/10/20, 36, 18, , , , 
2020/10/21, 39, 23, , , , 
2020/10/22, 54, 33, , , , 
2020/10/23, 76, 41, , , , 
2020/10/24, 92, 47, , , , 
2020/10/25, 102, 48, , , , 
2020/10/26, 106, 31, , , , 
2020/10/27, 75, 25, , , , 
2020/10/28, 69, 22, 6, , , 
2020/10/29, 55, 20, 10, , , 
2020/10/30, 54, 21, 10, , , 
2020/10/31, 57, 17, 8, , , 
2020/11/1, 44, 26, 18, , , 
2020/11/2, 61, 27, 20, , , 
2020/11/3, 66, 32, 24, , , 
2020/11/4, 85, 33, , , , 
2020/11/5, 87, 35, , , , 
2020/11/6, 73, 28, , , , 
2020/11/7, 67, 36, , , , 
2020/11/8, 88, 35, , , , 
2020/11/9, 93, 41, , , , 
2020/11/10, 93, 36, , , , 
2020/11/11, 81, 26, , , , 
2020/11/12, 71, 43, , , , 
2020/11/13, 95, 44, , , , 
2020/11/14, 112, 46, , , , 
2020/11/15, 116, 27, , , , 
2020/11/16, 74, 31, , , , 
2020/11/17, 78, 37, , , , 
2020/11/18, 85, 38, , , , 
2020/11/19, 96, 47, , , , 
2020/11/20, 119, 39, , , , 
2020/11/21, 87, 26, , , , 
2020/11/22, 67, 31, , , , 
2020/11/23, 70, 27, , , , 
2020/11/24, 59, 29, 17, , , 
2020/11/25, 57, 31, 27, , , 
2020/11/26, 57, 25, 24, , , 
2020/11/27, 47, 32, 35, , , 
2020/11/28, 66, 27, 38, , , 
2020/11/29, 61, 24, 34, , , 
2020/11/30, 51, 24, 34, , , 
2020/12/1, 58, 24, 38, , , 
2020/12/2, 54, 27, 40, , , 
2020/12/3, 61, 32, 42, , , 
2020/12/4, 71, 29, 31, , , 
2020/12/5, 72, 27, 19, , , 
2020/12/6, 67, 38, 20, , , 
2020/12/7, 88, 37, 19, , , 
2020/12/8, 82, 39, 20, , , 
2020/12/9, 93, 41, 22, , , 
2020/12/10, 109, 49, 23, , , 
2020/12/11, 129, 48, 24, , , 
2020/12/12, 123, 48, 16, , , 
2020/12/13, 120, 54, 15, , , 
2020/12/14, 135, 55, 7, , , 
2020/12/15, 129, 42, , , , 
2020/12/16, 98, 33, , , , 
2020/12/17, 67, 32, , , , 
2020/12/18, 65, 29, , , , 
2020/12/19, 55, 27, , , , 
2020/12/20, 57, 30, 24, , , 
2020/12/21, 64, 37, 26, , , 
2020/12/22, 87, 42, 30, , , 
2020/12/23, 108, 41, 36, , , 
2020/12/24, 106, 40, 16, , , 
2020/12/25, 97, 41, 24, , , 
2020/12/26, 101, 38, 27, , , 
2020/12/27, 99, 35, 11, , , 
2020/12/28, 89, 38, 4, , , 
2020/12/29, 94, 43, 21, , , 
2020/12/30, 98, 28, 38, , , 
2020/12/31, 63, 28, 38, , , 
2021/1/1, 73, 30, 37, , , 
2021/1/2, 74, 38, 45, , , 
2021/1/3, 96, 34, 35, , , 
2020/7/1, 24, 18, , , , 
2020/7/2, 41, 16, , , , 
2020/7/3, 34, 26, , , , 
2020/7/4, 52, 17, , , , 
2020/7/5, 39, 12, , , , 
2020/7/6, 32, 15, , , , 
2020/7/7, 39, 29, , , , 
2020/7/8, 58, 14, , , , 
2020/7/9, 39, 12, , , , 
2020/7/10, 37, 20, , , , 
2020/7/11, 54, 16, , , , 
2020/7/12, 42, 16, , , , 
2020/7/13, 37, 13, , , , 
2020/7/14, 32, 16, , , , 
2020/7/15, 41, 15, , , , 
2020/7/16, 32, 23, 8, 8, , 
2020/7/17, 55, 17, 20, 8, , 
2020/7/18, 42, 18, 19, 3, , 
2020/7/19, 45, 23, 14, 10, , 
2020/7/20, 60, 20, 14, 11, , 
2020/7/21, 55, 24, 17, 11, , 
2020/7/22, 58, 26, 21, 8, , 
2020/7/23, 67, 18, , , , 
2020/7/24, 44, 21, , , , 
2020/7/25, 49, 22, , , , 
2020/7/26, 56, 20, , , , 
2020/7/27, 45, 7, , , , 
2020/7/28, 9, 12, 11, 6, , 
2020/7/29, 35, 13, 12, 6, , 
2020/7/30, 24, 11, 13, 5, , 
2020/7/31, 28, 10, 8, 5, , 
2020/8/1, 18, 11, 6, 4, , 
2020/8/2, 23, 9, 6, 4, , 
2020/8/3, 26, 18, 7, 4, , 
2020/8/4, 41, 13, 10, 7, , 
2020/8/5, 38, 16, 16, 7, , 
2020/8/6, 38, 16, 6, 10, , 
2020/8/7, 43, 16, 9, 6, , 
2020/8/8, 34, 24, 8, 3, , 
2020/8/9, 48, 13, 8, 5, , 
2020/8/10, 29, 15, 8, 6, , 
2020/8/11, 48, 13, 5, 6, , 
2020/8/12, 32, 18, 9, 7, , 
2020/8/13, 41, 25, 5, 8, , 
2020/8/14, 57, 30, 7, 9, , 
2020/8/15, 71, 30, 13, 5, , 
2020/8/16, 60, 23, 13, 6, , 
2020/8/17, 53, 29, 11, 7, , 
2020/8/18, 63, 29, 10, 7, , 
2020/8/19, 71, 35, 17, 8, , 
2020/8/20, 73, 24, 8, 5, , 
2020/8/21, 62, 16, 9, 6, , 
2020/8/22, 40, 16, 9, 7, , 
2020/8/23, 41, 19, 11, , , 
2020/8/24, 44, 27, 12, , , 
2020/8/25, 65, 23, , , , 
2020/8/26, 50, 20, , , , 
2020/8/27, 50, 20, , , , 
2020/8/28, 46, 26, , , , 
2020/8/29, 59, 27, , , , 
2020/8/30, 62, 27, , , , 
2020/8/31, 56, , , , , 
2020/9/2, 33, 21, 21, 10, , 
2020/9/3, 47, 23, 12, 7, , 
2020/9/4, 62, 27, 21, 6, , 
2020/9/5, 54, 15, 18, 3, , 
2020/9/6, 37, 14, 12, 5, , 
2020/9/7, 35, 19, 17, 8, , 
2020/9/8, 48, 26, 18, 10, , 
2020/9/9, 56, 26, 14, 10, , 
2020/9/10, 59, 28, 12, 6, , 
2020/9/11, 58, 23, 10, 6, , 
2020/9/12, 56, 22, 7, 6, , 
2020/9/13, 47, 18, 7, 7, , 
2020/9/14, 48, 17, 11, 9, , 
2020/9/15, 37, 22, 16, 6, , 
2020/9/16, 41, 19, 12, 5, , 
2020/9/17, 51, 22, 5, 8, , 
2020/9/18, 47, 23, 6, 4, , 
2020/9/19, 29, 17, 6, 6, , 
2020/9/20, 48, 30, , 13, , 
2020/9/21, 63, 21, , 17, , 
2020/9/22, 50, 34, , 17, , 
2020/9/23, 70, 14, , 10, , 
2020/9/24, 36, 17, , 11, , 
2020/9/25, 36, 14, , 7, , 
2020/9/26, 35, 21, , , , 
2020/9/27, 51, 13, , , , 
2020/9/28, 38, 16, , , , 
2020/9/29, 39, 13, , , , 
2020/9/30, 29, 12, , , , 
2020/4/1, 82, 34, 5, 14, 2, 
2020/4/2, 78, 31, 4, 13, 2, 
2020/4/3, 72, 31, 6, 12, 1, 
2020/4/4, 69, 29, 5, 10, 2, 
2020/4/5, 68, 27, 4, 7, 1, 
2020/4/6, 53, 31, 4, 11, 2, 
2020/4/7, 66, 30, 4, 10, 2, 
2020/4/8, 66, 34, 4, 11, 1, 
2020/4/9, 74, 33, 4, 12, 1, 
2020/4/10, 80, 43, 5, 16, 1, 
2020/4/11, 99, 33, 4, 9, , 
2020/4/12, 74, 35, 3, 16, , 
2020/4/13, 85, 36, 4, 17, , 
2020/4/14, 90, 37, 6, 13, , 
2020/4/15, 93, 25, 3, 11, 1, 
2020/4/16, 66, 24, 3, 11, , 
2020/4/17, 58, 21, 4, 12, 1, 
2020/4/18, 51, 20, 4, 9, , 
2020/4/19, 52, 27, 5, 12, , 
2020/4/20, 66, 24, 3, 10, , 
2020/4/21, 59, 28, 4, 11, 1, 
2020/4/22, 64, 32, 4, 13, 1, 
2020/4/23, 73, 38, 4, 19, 1, 
2020/4/24, 85, 37, 2, 17, , 
2020/4/25, 75, 36, 6, 15, , 
2020/4/26, 83, 42, 4, 13, , 
2020/4/27, 101, 34, 6, 17, , 
2020/4/28, 76, 42, 4, 19, , 
2020/4/29, 106, 33, 5, 16, , 
2020/4/30, 81, 30, 5, 13, 1, 
2020/5/1, 69, 30, 5, 13, , 
2020/5/2, 67, 30, 4, 6, , 
2020/5/3, 57, 33, 4, 20, , 
2020/5/4, 64, 31, 6, 10, 1, 
2020/5/5, 70, 33, , 11, 1, 
2020/5/6, 68, 29, , 10, 1, 
2020/5/7, 52, 30, , 11, , 
2020/5/8, 63, 24, , 11, , 
2020/5/9, 50, 20, , 8, , 
2020/5/10, 38, 22, , 15, , 
2020/5/11, 47, 34, , 19, , 
2020/5/12, 66, 26, , 10, , 
2020/5/13, 63, 34, , 12, , 
2020/5/14, 68, 30, , 11, , 
2020/5/15, 65, 28, , 7, , 
2020/5/16, 64, 32, , , , 
2020/5/17, 65, 25, , , , 
2020/5/18, 60, 25, , , , 
2020/5/19, 50, 22, , , , 
2020/5/20, 48, 31, , , , 
2020/5/21, 66, 34, , , , 
2020/5/22, 70, 39, , , , 
2020/5/23, 59, 46, , , , 
2020/5/24, 81, 32, , , , 
2020/5/25, 65, 30, , , , 
2020/5/26, 61, 25, , , , 
2020/5/27, 53, 19, , , , 
2020/5/28, 41, 20, , , , 
2020/5/29, 51, 23, , , , 
2020/5/30, 51, 13, , , , 
2020/5/31, 31, 17, , , , 
2020/6/1, 49, 17, , , , 
2020/6/2, 37, 20, , , , 
2020/6/3, 49, 26, , , , 
2020/6/4, 57, 28, , , , 
2020/6/5, 57, 23, , , , 
2020/6/6, 45, 25, , , , 
2020/6/7, 56, 26, 23, 5, , 
2020/6/8, 51, 20, 21, 5, , 
2020/6/9, 42, 23, 25, 4, , 
2020/6/10, 53, 17, 23, 5, , 
2020/6/11, 43, 14, 15, 4, , 
2020/6/12, 32, 15, 18, 3, , 
2020/6/13, 35, 17, 14, 2, , 
2020/6/14, 43, 17, 17, 5, , 
2020/6/15, 36, 22, 5, 5, , 
2020/6/16, 50, 23, 7, 7, , 
2020/6/17, 52, 23, 12, 7, , 
2020/6/18, 60, 21, 12, 7, , 
2020/6/19, 51, 18, 20, 5, , 
2020/6/20, 40, 14, , , , 
2020/6/21, 34, 19, 10, 7, , 
2020/6/22, 37, 21, 37, 8, , 
2020/6/23, 49, 24, 22, 7, , 
2020/6/24, 53, 17, 15, 5, , 
2020/6/25, 39, 13, 15, 5, , 
2020/6/26, 31, 11, 21, 5, , 
2020/6/27, 33, 11, , , , 
2020/6/28, 30, 14, , , , 
2020/6/29, 31, 22, , , , 
2020/6/30, 38, 12, , , , 
2020/1/1, 79, 31, 14, 6, , 
2020/1/2, 75, 37, 15, 12, , 
2020/1/3, 93, 40, 17, 12, , 
2020/1/4, 99, 51, 18, 11, 1, 
2020/1/5, 122, 52, 19, 14, , 
2020/1/6, 119, 62, 20, 17, 1, 
2020/1/7, 136, 59, 20, 17, 1, 
2020/1/8, 141, 64, 23, 17, 1, 
2020/1/9, 141, 64, 24, 20, , 
2020/1/10, 151, 60, 24, 12, 1, 
2020/1/11, 141, 49, 22, 8, , 
2020/1/12, 111, 46, 19, 10, , 
2020/1/13, 113, 46, 23, 12, , 
2020/1/14, 112, 46, 22, 12, , 
2020/1/15, 99, 51, 24, 11, , 
2020/1/16, 119, 55, 25, 13, , 
2020/1/17, 129, 63, 23, 15, , 
2020/1/18, 154, 57, 21, 11, , 
2020/1/19, 147, 64, 21, 14, 1, 
2020/1/20, 153, 64, 24, 15, , 
2020/1/21, 152, 52, 29, 16, , 
2020/1/22, 124, 55, 24, 12, 1, 
2020/1/23, 135, 40, 17, 9, 2, 
2020/1/24, 86, 41, 12, 6, 1, 
2020/1/25, 77, 30, 16, 7, , 
2020/1/26, 66, 28, 10, 8, 1, 
2020/1/27, 67, 37, 20, 9, , 
2020/1/28, 97, 44, 29, 14, , 
2020/1/29, 113, 49, 20, 16, , 
2020/1/30, 120, 58, 18, 15, 1, 
2020/1/31, 131, 69, 24, 14, 1, 
2020/2/1, 158, 69, 23, 16, 1, 
2020/2/2, 163, 65, 25, 15, 1, 
2020/2/3, 157, 55, 21, 10, 1, 
2020/2/4, 131, 48, 22, 9, 1, 
2020/2/5, 115, 45, 20, 8, 1, 
2020/2/6, 96, 47, 25, 10, , 
2020/2/7, 108, 57, 23, 9, , 
2020/2/8, 126, 50, 21, 8, , 
2020/2/9, 117, 51, 17, 14, , 
2020/2/10, 110, 60, 21, 18, 1, 
2020/2/11, 141, 51, 21, 14, 1, 
2020/2/12, 119, 29, 13, 6, 1, 
2020/2/13, 52, 30, 10, 6, 2, 
2020/2/14, 54, 27, 21, 7, 2, 
2020/2/15, 68, 26, 17, 9, 1, 
2020/2/16, 63, 36, 18, 10, 1, 
2020/2/17, 76, 50, 17, 9, , 
2020/2/18, 110, 59, 25, 12, , 
2020/2/19, 143, 66, 21, 17, 1, 
2020/2/20, 152, 60, 18, 14, , 
2020/2/21, 124, 63, 20, 14, 1, 
2020/2/22, 142, 61, 23, 12, , 
2020/2/23, 136, 64, 20, 9, 1, 
2020/2/24, 152, 75, 24, 14, 1, 
2020/2/25, 149, 57, 17, 2, , 
2020/2/26, 136, 56, 11, 9, , 
2020/2/27, 127, 50, 7, 6, , 
2020/2/28, 106, 40, 7, 4, 1, 
2020/2/29, 91, 38, 7, 4, 1, 
2020/3/1, 89, 42, 4, 5, 2, 
2020/3/2, 91, 32, 2, 24, , 
2020/3/3, 57, 22, 9, 3, 1, 
2020/3/4, 50, 31, 16, , 1, 
2020/3/5, 59, 24, 14, 11, 2, 
2020/3/6, 54, 34, 16, 14, 1, 
2020/3/7, 71, 39, 24, 14, , 
2020/3/8, 88, 42, 32, 18, 2, 
2020/3/9, 108, 52, 26, 20, 2, 
2020/3/10, 117, 46, 26, 22, 1, 
2020/3/11, 106, 42, 20, 18, 1, 
2020/3/12, 102, 40, 24, 16, 1, 
2020/3/13, 86, 30, 21, 13, 1, 
2020/3/14, 66, 26, 8, 18, , 
2020/3/15, 65, 36, 23, 24, , 
2020/3/16, 82, 35, 15, 14, 1, 
2020/3/17, 79, 35, 13, 14, 2, 
2020/3/18, 75, 34, 12, 11, 3, 
2020/3/19, 71, 37, 11, 12, 2, 
2020/3/20, 78, 32, 12, 12, 2, 
2020/3/21, 74, 29, 3, 11, , 
2020/3/22, 66, 28, 12, 11, 2, 
2020/3/23, 66, 29, 4, 19, 3, 
2020/3/24, 73, 31, 10, 12, 1, 
2020/3/25, 68, 26, 9, 12, 1, 
2020/3/26, 67, 29, 10, 13, 1, 
2020/3/27, 63, 36, 10, 13, 1, 
2020/3/28, 91, 30, 8, 12, 1, 
2020/3/29, 78, , , , , 
2019/10/1, 99, 39, 15, 10, 1, 
2019/10/2, 87, 35, 15, 8, 1, 
2019/10/3, 78, 35, 13, 9, 1, 
2019/10/4, 76, 30, 12, 10, 1, 
2019/10/5, 75, 26, 15, 7, 1, 
2019/10/6, 65, 22, 12, 7, , 
2019/10/7, 56, 22, 13, 9, 1, 
2019/10/8, 57, 25, 14, 9, 1, 
2019/10/9, 64, 29, 19, 11, 1, 
2019/10/10, 70, 37, 22, 11, 1, 
2019/10/11, 82, 34, 20, 10, 1, 
2019/10/12, 83, 33, 15, 6, 1, 
2019/10/13, 76, 21, 11, 5, , 
2019/10/14, 56, 28, 13, 9, , 
2019/10/15, 60, 24, 10, 11, , 
2019/10/16, 54, 25, 11, 8, 1, 
2019/10/17, 51, 30, 18, 11, 1, 
2019/10/18, 67, 34, 20, 10, , 
2019/10/19, 79, 32, 18, 10, 1, 
2019/10/20, 75, 38, 19, 12, 1, 
2019/10/21, 81, 47, 24, 13, 1, 
2019/10/22, 105, 41, 28, 13, 1, 
2019/10/23, 95, 35, 17, 8, 1, 
2019/10/24, 78, 35, 15, 8, 1, 
2019/10/25, 80, 32, 16, 10, , 
2019/10/26, 75, 27, 11, 7, , 
2019/10/27, 60, 28, 15, 10, 1, 
2019/10/28, 63, 29, 10, 9, 1, 
2019/10/29, 64, 29, 14, 10, , 
2019/10/30, 59, 34, 15, 12, 1, 
2019/10/31, 72, 17, 8, 9, , 
2019/11/1, 48, , , , , 
2019/11/3, 17, 29, 10, 16, 1, 
2019/11/4, 78, 50, 10, 16, , 
2019/11/5, 122, 48, 19, 17, 1, 
2019/11/6, 115, 48, 16, 13, 1, 
2019/11/7, 114, 51, 27, 10, 1, 
2019/11/8, 123, 50, 24, 12, , 
2019/11/9, 118, 46, 22, 14, 1, 
2019/11/10, 114, 53, 24, 18, 1, 
2019/11/11, 127, 61, 23, 15, 1, 
2019/11/12, 137, 43, 15, 10, 1, 
2019/11/13, 95, 31, 9, 15, 1, 
2019/11/14, 66, 36, 21, 13, 1, 
2019/11/15, 77, 47, 19, 13, 1, 
2019/11/16, 107, 48, 27, 16, 1, 
2019/11/17, 116, 47, 21, 16, 1, 
2019/11/18, 106, 47, 16, 14, 1, 
2019/11/19, 107, 36, 13, 11, , 
2019/11/20, 74, 40, 20, 12, , 
2019/11/21, 88, 38, 18, 14, , 
2019/11/22, 85, 46, 22, 13, , 
2019/11/23, 103, 38, 19, 10, 1, 
2019/11/24, 89, 47, 18, 15, , 
2019/11/25, 101, 40, 18, 14, 1, 
2019/11/26, 81, 34, 13, 11, , 
2019/11/27, 70, 35, 11, 9, , 
2019/11/28, 58, 36, 17, 12, , 
2019/11/29, 75, 37, 17, 12, , 
2019/11/30, 79, 37, 17, 13, 1, 
2019/12/1, 78, 32, 13, 9, , 
2019/12/2, 66, 36, 20, 9, , 
2019/12/3, 74, 46, 22, 11, , 
2019/12/4, 97, 44, 22, 10, 1, 
2019/12/5, 103, 51, 22, 14, 1, 
2019/12/6, 109, 51, 22, 14, 1, 
2019/12/7, 103, 50, 21, 13, 1, 
2019/12/8, 106, 58, 21, 15, 1, 
2019/12/9, 130, 61, 23, 17, 1, 
2019/12/10, 138, 62, 27, 15, 1, 
2019/12/11, 150, 61, 20, 19, 1, 
2019/12/12, 140, 55, 21, 18, 1, 
2019/12/13, 134, 50, 17, 17, , 
2019/12/14, 118, 48, 5, 21, 1, 
2019/12/15, 116, 51, 15, 21, 1, 
2019/12/16, 107, 52, 15, 23, 1, 
2019/12/17, 113, 50, 13, 14, 1, 
2019/12/18, 98, 51, 19, 16, 1, 
2019/12/19, 119, 53, 17, 15, 1, 
2019/12/20, 119, 51, 18, 17, 1, 
2019/12/21, 112, 46, 21, 15, 1, 
2019/12/22, 105, 51, 23, 17, 1, 
2019/12/23, 112, 52, 19, 16, 1, 
2019/12/24, 121, 47, 25, 16, 1, 
2019/12/25, 110, 49, 23, 17, 1, 
2019/12/26, 112, 55, 17, 13, 1, 
2019/12/27, 117, 50, 17, , 1, 
2019/12/28, 111, 45, 23, , 1, 
2019/12/29, 117, , , , , 
2019/7/1, 49, 27, 9, 4, , 
2019/7/2, 59, 16, 6, 5, , 
2019/7/3, 44, 20, 7, 5, , 
2019/7/4, 46, 38, 2, 11, 1, 
2019/7/5, 81, 34, 10, 6, , 
2019/7/6, 67, 17, 10, 4, , 
2019/7/7, 39, 27, 10, 6, , 
2019/7/8, 58, 28, 12, 5, , 
2019/7/9, 60, 28, 12, 5, , 
2019/7/10, 54, 30, 10, 5, 7, 
2019/7/11, 63, 29, 10, 4, , 
2019/7/12, 59, 22, 9, 4, , 
2019/7/13, 54, 17, 7, 2, , 
2019/7/14, 38, 17, 11, 2, 1, 
2019/7/15, 40, 16, 11, 3, , 
2019/7/16, 33, 14, 11, 6, , 
2019/7/17, 33, 16, 12, 4, 1, 
2019/7/18, 35, 19, 12, 4, 1, 
2019/7/19, 40, 28, 12, 8, 1, 
2019/7/20, 56, 13, 9, 5, , 
2019/7/21, 27, 18, 13, 7, , 
2019/7/22, 48, 23, 9, 6, , 
2019/7/23, 44, 23, 8, 4, , 
2019/7/24, 57, 19, 9, 6, , 
2019/7/25, 46, 21, 13, 7, , 
2019/7/26, 51, 22, 12, 6, , 
2019/7/27, 54, 20, 12, 5, , 
2019/7/28, 52, 14, 9, 2, , 
2019/7/29, 27, 15, 9, 2, , 
2019/7/30, 42, 19, 9, 3, , 
2019/7/31, 41, 16, 9, 4, , 
2019/8/1, 35, 14, 8, 4, , 
2019/8/2, 38, 16, 7, 8, , 
2019/8/3, 43, 12, 7, 10, , 
2019/8/4, 29, 16, 9, 14, , 
2019/8/5, 38, 18, 8, 12, , 
2019/8/6, 45, 17, 9, 10, , 
2019/8/7, 38, 13, 9, 6, , 
2019/8/8, 34, 14, 10, 7, , 
2019/8/9, 39, 17, 12, 10, , 
2019/8/10, 44, 13, 15, 11, , 
2019/8/11, 29, 18, 15, 9, , 
2019/8/12, 49, 28, 7, 9, 1, 
2019/8/13, 59, 26, 8, 4, , 
2019/8/14, 56, 23, 8, 3, 1, 
2019/8/15, 51, 24, 10, 4, , 
2019/8/16, 54, 18, 8, 4, , 
2019/8/17, 47, 18, 12, 3, , 
2019/8/18, 46, 18, 10, 3, , 
2019/8/19, 40, 20, 8, 4, , 
2019/8/20, 45, 18, 12, 4, , 
2019/8/21, 41, 24, 7, 4, 1, 
2019/8/22, 47, 30, 7, 6, , 
2019/8/23, 63, 17, 9, 5, , 
2019/8/24, 35, 13, 9, 2, , 
2019/8/25, 29, 13, 7, 3, , 
2019/8/26, 26, 15, 7, 3, , 
2019/8/27, 36, 14, 11, 4, , 
2019/8/28, 38, 15, 10, 4, , 
2019/8/29, 35, 16, 4, 8, 1, 
2019/8/30, 38, 20, 6, 7, , 
2019/8/31, 48, 27, 8, 6, 1, 
2019/9/1, 62, 15, 7, 4, , 
2019/9/2, 38, 15, 5, 4, , 
2019/9/3, 36, 16, 5, 5, , 
2019/9/4, 39, 18, 6, 5, , 
2019/9/5, 37, 20, 9, 6, , 
2019/9/6, 48, 27, 7, 6, 1, 
2019/9/7, 59, 16, 8, 5, , 
2019/9/8, 45, 18, 8, 7, 1, 
2019/9/9, 46, 20, 12, 3, 1, 
2019/9/10, 44, 22, 12, 1, 1, 
2019/9/11, 50, 17, 9, 1, , 
2019/9/12, 43, 15, 7, 4, , 
2019/9/13, 39, 15, 9, 6, , 
2019/9/14, 36, 20, 9, 2, , 
2019/9/15, 53, 21, 15, 9, , 
2019/9/16, 49, 24, 16, 6, , 
2019/9/17, 59, 24, 16, 9, , 
2019/9/18, 60, 20, 10, 6, , 
2019/9/19, 55, 24, 13, 7, , 
2019/9/20, 61, 16, 8, 7, , 
2019/9/21, 43, 22, 12, 7, , 
2019/9/22, 59, 12, 7, 6, , 
2019/9/23, 31, 30, 15, 8, , 
2019/9/24, 72, 43, 21, 9, 1, 
2019/9/25, 94, 36, 22, 11, 1, 
2019/9/26, 81, 36, 17, 9, 1, 
2019/9/27, 82, 47, 26, 11, 1, 
2019/9/28, 114, 47, 26, 10, 1, 
2019/9/29, 119, 57, 28, 10, 1, 
2019/9/30, 146, 41, 17, 12, 1, 
2019/4/1, 71, 32, 22, 7, 1, 
2019/4/2, 72, 32, 20, 9, 1, 
2019/4/3, 70, 32, 24, 12, 2, 
2019/4/4, 77, 37, 21, 9, 1, 
2019/4/5, 85, 32, 12, 7, , 
2019/4/6, 77, , , , , 
2019/4/8, 129, 17, 20, 6, , 
2019/4/9, 58, 20, 21, 6, , 
2019/4/10, 61, 34, 18, 6, 2, 
2019/4/11, 72, 33, 19, 5, 2, 
2019/4/12, 71, 22, 19, 4, , 
2019/4/13, 65, 18, 16, 4, , 
2019/4/14, 58, 13, 12, 4, , 
2019/4/15, 47, 17, 17, 5, , 
2019/4/16, 59, 15, 16, 5, , 
2019/4/17, 49, 31, 22, 6, 2, 
2019/4/18, 72, 32, 24, 7, 2, 
2019/4/19, 77, 34, 32, 6, 1, 
2019/4/20, 82, 44, 20, 7, 2, 
2019/4/21, 94, 39, 16, 7, 2, 
2019/4/22, 85, 25, 32, 7, 1, 
2019/4/23, 67, 29, 34, 11, 1, 
2019/4/24, 75, 36, 22, 9, 1, 
2019/4/25, 81, 37, 26, 12, 1, 
2019/4/26, 87, 37, 15, 11, 1, 
2019/4/27, 88, 24, 15, 6, 1, 
2019/4/28, 71, 23, 18, 7, 2, 
2019/4/29, 63, 19, 13, 5, , 
2019/4/30, 48, 15, 15, 4, , 
2019/5/1, 44, 16, 17, 6, 1, 
2019/5/2, 49, 21, 22, 8, 1, 
2019/5/3, 47, 30, 16, 6, , 
2019/5/4, 69, 39, 21, 4, , 
2019/5/5, 97, 54, 18, 3, , 
2019/5/6, 100, 60, 20, 3, , 
2019/5/7, 100, 50, 10, 4, , 
2019/5/8, 92, 51, 28, 3, , 
2019/5/9, 85, 49, 47, 4, , 
2019/5/10, 96, 41, 55, 4, , 
2019/5/11, 83, 39, 42, 2, , 
2019/5/12, 77, 26, , 4, , 
2019/5/13, 68, 31, 14, 6, , 
2019/5/14, 70, 41, 16, 6, , 
2019/5/15, 84, 45, 17, 6, 1, 
2019/5/16, 81, 38, 15, 4, , 
2019/5/17, 74, 41, 18, 4, , 
2019/5/18, 82, 42, 16, 4, 1, 
2019/5/19, 79, 34, 17, 3, 2, 
2019/5/20, 71, 32, , 6, 1, 
2019/5/21, 83, 16, , 4, , 
2019/5/22, 52, 22, , 8, , 
2019/5/23, 65, 33, 11, 6, 2, 
2019/5/24, 86, 34, 18, 5, , 
2019/5/25, 73, 21, 14, 3, , 
2019/5/26, 60, 16, 18, 4, 16, 
2019/5/27, 45, 24, 12, 8, , 
2019/5/28, 58, 30, 13, 7, , 
2019/5/29, 57, 30, 6, 8, 1, 
2019/5/30, 56, 29, 15, 10, , 
2019/5/31, 65, 25, 9, 8, , 
2019/6/1, 56, 22, 18, 5, , 
2019/6/2, 53, 20, 20, 5, , 
2019/6/3, 45, 19, 16, 6, , 
2019/6/4, 50, 32, 10, 9, , 
2019/6/5, 70, 25, 9, 9, , 
2019/6/6, 57, 26, 20, 11, , 
2019/6/7, 55, 31, 25, 10, , 
2019/6/8, 61, 18, 11, 6, , 
2019/6/9, 38, 22, 13, 6, 1, 
2019/6/10, 43, 39, 3, 12, , 
2019/6/11, 48, 47, 10, 6, , 
2019/6/12, 51, 22, 12, 5, , 
2019/6/13, 41, 27, 17, 5, , 
2019/6/14, 63, 22, 19, 3, , 
2019/6/15, 48, 23, 14, 3, , 
2019/6/16, 48, 29, 8, 6, , 
2019/6/17, 50, 35, 10, 7, 1, 
2019/6/18, 67, 25, 13, 7, 1, 
2019/6/19, 47, 25, 17, 6, , 
2019/6/20, 56, 22, 13, 4, , 
2019/6/21, 49, 27, 14, 4, , 
2019/6/22, 56, 32, 12, 9, , 
2019/6/23, 61, 28, 14, 7, 1, 
2019/6/24, 58, 18, 16, 7, , 
2019/6/25, 40, 17, 14, 5, , 
2019/6/26, 38, 17, 7, 4, , 
2019/6/27, 33, 25, 9, 4, , 
2019/6/28, 59, 20, 11, 5, 1, 
2019/6/29, 40, 16, 10, 4, , 
2019/6/30, 36, 23, 10, 6, , 
2019/1/1, 61, 22, 20, , 1, 
2019/1/2, 64, 25, 14, , 1, 
2019/1/3, 72, 30, 15, , 1, 
2019/1/4, 82, 36, 7, , 2, 
2019/1/5, 99, 51, 21, , 1, 
2019/1/6, 150, 50, 20, , 1, 
2019/1/7, 149, 48, 18, , 1, 
2019/1/8, 130, 31, 11, , , 
2019/1/9, 80, 44, 21, , 1, 
2019/1/10, 119, 53, 20, , 1, 
2019/1/11, 142, 59, 30, , 2, 
2019/1/12, 149, 55, 24, , 1, 
2019/1/13, 143, 47, 23, , 2, 
2019/1/14, 132, 52, 22, , 1, 
2019/1/15, 144, 45, 19, , 1, 
2019/1/16, 120, 59, 22, , 1, 
2019/1/17, 115, 44, 13, 12, 2, 
2019/1/18, 105, 41, 23, 11, 1, 
2019/1/19, 118, 53, 37, 5, 1, 
2019/1/20, 134, 56, 31, 10, 1, 
2019/1/21, 136, 52, 22, 12, 1, 
2019/1/22, 129, 49, 25, 12, , 
2019/1/23, 126, 51, 23, 15, 1, 
2019/1/24, 124, 54, 27, 15, , 
2019/1/25, 140, 57, 24, 14, 1, 
2019/1/26, 137, 47, 29, 10, , 
2019/1/27, 124, 52, 30, 14, , 
2019/1/28, 140, 58, 30, 16, 1, 
2019/1/29, 146, 71, 34, 19, 1, 
2019/1/30, 167, 107, 33, 14, 1, 
2019/1/31, 161, 75, 26, 7, 1, 
2019/2/1, 122, 52, 31, 9, 2, 
2019/2/2, 121, 41, 34, 5, , 
2019/2/3, 87, 40, 36, 9, , 
2019/2/4, 97, 43, 33, 8, 1, 
2019/2/5, 94, 36, 17, 7, 1, 
2019/2/6, 79, 39, 24, 8, 1, 
2019/2/7, 83, 40, 26, 11, 1, 
2019/2/8, 84, 38, 24, 9, , 
2019/2/9, 79, 43, 23, 8, 1, 
2019/2/10, 85, 46, 23, 9, 1, 
2019/2/11, 98, 42, 30, 9, , 
2019/2/12, 95, 60, 29, 11, 1, 
2019/2/13, 148, 45, 27, 8, 1, 
2019/2/14, 104, 41, 26, 9, 1, 
2019/2/15, 83, 33, 23, 9, 1, 
2019/2/16, 78, 30, 19, 5, , 
2019/2/17, 66, 31, 19, 8, 1, 
2019/2/18, 64, 25, 18, 7, 1, 
2019/2/19, 58, 27, 20, 9, , 
2019/2/20, 55, 36, 30, 10, 1, 
2019/2/21, 71, 34, 23, 9, 1, 
2019/2/22, 73, 39, 25, 7, 1, 
2019/2/23, 64, 33, 28, 7, , 
2019/2/24, 72, 36, 18, 8, 3, 
2019/2/25, 72, 37, 22, 8, 1, 
2019/2/26, 87, 43, 26, 12, 1, 
2019/2/27, 101, 46, 28, 11, 1, 
2019/2/28, 104, 44, 23, 9, 1, 
2019/3/1, 91, 41, 23, 8, 1, 
2019/3/2, 92, 38, 23, 5, , 
2019/3/3, 81, 34, 15, 5, 1, 
2019/3/4, 73, 42, 21, 7, 1, 
2019/3/5, 97, 40, 25, 9, 1, 
2019/3/6, 92, 28, 21, 9, 1, 
2019/3/7, 69, 35, 20, 10, 2, 
2019/3/8, 79, 49, 16, 8, 2, 
2019/3/9, 80, 56, 22, 7, 1, 
2019/3/10, 74, 54, 25, 9, 1, 
2019/3/11, 93, 41, 33, 13, 2, 
2019/3/12, 103, 45, 21, 12, 1, 
2019/3/13, 100, 40, 20, 10, 1, 
2019/3/14, 77, 36, 20, 9, 2, 
2019/3/15, 71, 50, 10, 13, 2, 
2019/3/16, 108, 50, 25, 14, 1, 
2019/3/17, 117, 49, 26, 9, 1, 
2019/3/18, 112, 45, 26, 9, 1, 
2019/3/19, 99, 49, 21, 9, 1, 
2019/3/20, 103, 51, 30, 9, 1, 
2019/3/21, 105, 45, 38, 9, 1, 
2019/3/22, 100, 46, 36, 10, 1, 
2019/3/23, 114, 45, 24, 7, 2, 
2019/3/24, 102, 38, 13, 9, 1, 
2019/3/25, 86, 33, 21, 8, 1, 
2019/3/26, 77, 36, 21, 9, 1, 
2019/3/27, 69, 37, 26, 8, 1, 
2019/3/28, 69, 41, 23, 8, 2, 
2019/3/29, 76, 45, 19, 9, 9, 
2019/3/30, 82, 37, 23, 7, 1, 
2019/3/31, 76, 29, 21, 9, 1, 
2018/10/1, 40, 21, 13, 9, , 
2018/10/2, 61, 30, 24, 10, 1, 
2018/10/3, 84, 35, 24, 11, 1, 
2018/10/4, 91, 22, 14, 7, 1, 
2018/10/5, 60, 29, 15, 7, 1, 
2018/10/6, 81, 16, 5, 6, 1, 
2018/10/7, 63, 25, 19, 8, 1, 
2018/10/8, 71, 30, 20, 11, 1, 
2018/10/9, 79, 34, 19, 8, 1, 
2018/10/10, 87, 31, 16, 11, 1, 
2018/10/11, 74, 26, 19, 10, , 
2018/10/12, 64, 30, 29, 7, 1, 
2018/10/13, 76, 23, 20, 8, 1, 
2018/10/14, 68, 39, 9, 4, , 
2018/10/15, 60, , , , , 
2018/10/17, 69, 28, 16, 9, 1, 
2018/10/18, 68, 31, 21, 11, 1, 
2018/10/19, 79, 28, 8, 11, 1, 
2018/10/20, 61, 24, 7, 7, 1, 
2018/10/21, 48, 28, 16, 8, 1, 
2018/10/22, 64, 30, 13, 7, 1, 
2018/10/23, 59, 25, 12, 8, 1, 
2018/10/24, 59, 31, 10, 9, 1, 
2018/10/25, 72, 27, 15, 8, 1, 
2018/10/26, 62, 27, 16, 8, 1, 
2018/10/27, 59, 32, 17, 8, 1, 
2018/10/28, 68, 29, 20, 12, 1, 
2018/10/29, 77, 33, 18, , 1, 
2018/10/30, 76, 36, 23, , 1, 
2018/10/31, 88, 44, 25, , 1, 
2018/11/1, 109, 47, 25, , 1, 
2018/11/2, 112, 49, 29, , 1, 
2018/11/3, 119, 47, 29, , 1, 
2018/11/4, 121, , 28, , 1, 
2018/11/5, 109, , 19, , 1, 
2018/11/6, 93, 37, 15, 11, 1, 
2018/11/7, 71, 47, , 12, 1, 
2018/11/8, 104, 25, 1, 9, 1, 
2018/11/9, 64, 24, 10, 7, 1, 
2018/11/10, 60, 25, 13, 8, 1, 
2018/11/11, 68, 32, 17, 9, 1, 
2018/11/12, 84, 38, 18, 10, 1, 
2018/11/13, 104, 36, 17, 11, 1, 
2018/11/14, 96, 42, , 15, , 
2018/11/15, 121, , , , , 
2018/11/17, 84, , , , , 
2018/11/18, 82, 33, 21, 11, 1, 
2018/11/19, 81, 29, 14, 11, 1, 
2018/11/20, 75, 38, 20, , 1, 
2018/11/21, 99, 37, 17, , 1, 
2018/11/22, 95, 31, 19, , 1, 
2018/11/23, 75, 32, 23, , 1, 
2018/11/24, 79, 34, 20, , 1, 
2018/11/25, 91, 33, 23, , 1, 
2018/11/26, 85, 34, 16, , 2, 
2018/11/27, 89, 25, 16, , 1, 
2018/11/28, 69, 32, 23, , 1, 
2018/11/29, 85, 41, 24, , 1, 
2018/11/30, 118, 37, 19, , 1, 
2018/12/1, 103, 34, 16, , 1, 
2018/12/2, 97, 31, 17, , 1, 
2018/12/3, 80, 43, 17, , 1, 
2018/12/4, 112, 38, 16, , 1, 
2018/12/5, 96, 42, 16, , 2, 
2018/12/6, 98, 39, 14, , 1, 
2018/12/7, 99, 23, 5, , 1, 
2018/12/8, 63, 26, 11, , , 
2018/12/9, 71, 22, 7, , , 
2018/12/10, 71, 27, 23, , 1, 
2018/12/11, 72, 28, 11, , 1, 
2018/12/12, 70, 27, 20, , 1, 
2018/12/13, 65, 29, 22, , 1, 
2018/12/14, 69, 29, 20, , 1, 
2018/12/15, 76, 23, 20, , 1, 
2018/12/16, 68, 30, 23, , 1, 
2018/12/17, 77, 32, 22, , 2, 
2018/12/18, 89, 42, 26, , 1, 
2018/12/19, 118, 46, 30, , 1, 
2018/12/20, 125, 59, 37, , 1, 
2018/12/21, 150, 53, 34, , 2, 
2018/12/22, 143, 43, 24, , 1, 
2018/12/23, 128, 38, 21, , 1, 
2018/12/24, 113, 40, 22, , 1, 
2018/12/25, 112, 47, 30, , 2, 
2018/12/26, 137, 49, 29, , 2, 
2018/12/27, 143, 51, 24, , 2, 
2018/12/28, 143, 28, 18, , 1, 
2018/12/29, 78, 18, 20, , 1, 
2018/12/30, 58, , , , , 
2018/7/16, 59, , , , , 
2018/7/17, 63, , , , , 
2018/7/18, 46, , , , , 
2018/7/19, 51, 28, , 12, 1, 
2018/7/20, 55, 30, , 9, 1, 
2018/7/21, 61, 23, , 12, 1, 
2018/7/22, 56, 27, , 9, 1, 
2018/7/23, 65, 25, , 8, 1, 
2018/7/24, 65, 32, , 9, 1, 
2018/7/25, 65, 24, , 8, 1, 
2018/7/26, 65, 27, , 6, , 
2018/7/27, 63, 21, , 5, , 
2018/7/28, 54, 23, , 6, , 
2018/7/29, 62, 22, 1, 6, , 
2018/7/30, 65, 21, , 5, , 
2018/7/31, 65, 18, , 4, , 
2018/8/1, 55, 18, , 4, , 
2018/8/2, 61, 16, 1, 4, , 
2018/8/3, 58, 21, , 4, , 
2018/8/4, 52, 22, , 5, , 
2018/8/5, 52, 19, 1, 9, 1, 
2018/8/6, 55, 32, 1, 9, 1, 
2018/8/7, 68, 20, , 5, , 
2018/8/8, 69, 18, , 4, , 
2018/8/9, 57, 16, , 6, 1, 
2018/8/10, 56, 19, , 8, 1, 
2018/8/11, 42, 16, , 6, , 
2018/8/12, 40, 19, 1, 7, 1, 
2018/8/13, 53, 23, 6, 6, , 
2018/8/14, 53, 20, 10, 5, 1, 
2018/8/15, 48, 20, 8, 5, 1, 
2018/8/16, 52, 17, 8, 4, 1, 
2018/8/17, 43, 20, 11, 6, 1, 
2018/8/18, 29, 25, 2, 6, 1, 
2018/8/19, 38, 22, , 6, , 
2018/8/20, 48, 36, , 6, 1, 
2018/8/21, 72, 25, , 6, , 
2018/8/22, 65, 30, , 7, 1, 
2018/8/23, 66, 25, 2, 6, 1, 
2018/8/24, 58, 19, 9, 7, 1, 
2018/8/25, 49, 16, 6, 5, 1, 
2018/8/26, 52, 18, 9, 5, 1, 
2018/8/27, 51, 23, 8, 6, 1, 
2018/8/28, 59, 27, 8, 4, , 
2018/8/29, 70, 12, 10, 3, , 
2018/8/30, 43, 16, 12, 4, 1, 
2018/8/31, 47, 17, 9, 4, 1, 
2018/9/1, 56, 19, 9, 4, 1, 
2018/9/2, 58, 16, 12, 4, 1, 
2018/9/3, 51, 15, 14, 6, 1, 
2018/9/4, 42, 14, 10, 3, 1, 
2018/9/5, 48, 18, 10, 3, , 
2018/9/6, 55, 24, 16, 4, 1, 
2018/9/7, 68, 24, 9, 6, , 
2018/9/8, 74, 25, 15, 7, , 
2018/9/9, 93, 22, 26, 6, 1, 
2018/9/10, 93, 18, 14, 5, , 
2018/9/11, 59, 21, 11, 4, , 
2018/9/12, 58, 22, 11, 5, , 
2018/9/13, 57, 17, 7, 4, , 
2018/9/14, 45, 14, 14, 4, , 
2018/9/15, 38, 16, 18, 7, 1, 
2018/9/16, 50, 15, 3, 4, , 
2018/9/17, 42, , , , , 
2018/9/21, 84, , , , , 
2018/9/22, 74, , , , , 
2018/9/23, 58, 21, 8, 9, 1, 
2018/9/24, 57, 25, 14, 6, 1, 
2018/9/25, 63, 18, 15, 7, 1, 
2018/9/26, 47, 18, 17, 8, 1, 
2018/9/27, 51, 18, 14, 5, , 
2018/9/28, 43, 29, 21, 6, 1, 
2018/9/29, 74, 14, 22, 4, , 
2018/9/30, 44, 15, 15, 7, 1, 
2018/4/3, 137, , , , , 
2018/4/4, 83, , , , , 
2018/4/5, 92, , , , , 
2018/4/6, 118, , , , , 
2018/4/7, 67, , , , , 
2018/4/8, 86, , , , , 
2018/4/9, 139, , , , , 
2021/1/12, , 49, 34, , , 
2021/1/18, , 51, 38, , , 
2020/9/1, , 24, , , , 
2020/3/31, , 33, 5, 17, 2, 
2019/12/31, , 33, 13, 5, , 
2019/11/2, , 24, 7, 13, , 
2019/4/7, , 69, 6, 10, 27, 
2018/12/31, , 25, 19, , 1, 
2018/10/16, , 29, 12, 10, 1, 
2018/4/20, , 27, , 4, , 
2018/4/21, , 19, , 2, , 
2018/4/22, , 36, , 6, , 
2018/4/23, , 25, , 4, , 
2018/4/24, , 41, , 8, , 
2018/4/25, , 24, , 12, 1, 
2018/4/26, , 22, , 13, 1, 
2017/7/16, , 12, 16, 2, , 
2017/7/17, , 24, 8, 1, 8, 
2017/7/31, , 105, 19, 3, , 
2017/8/1, , 150, 19, 3, , 
2017/8/2, , 273, 19, 2, , 
2017/8/3, , 262, 10, 2, , 
2017/8/4, , 146, 13, 3, , 
2017/8/5, , 146, 10, 2, , 
2017/8/6, , 70, 15, 1, 1, 
2017/8/7, , 65, 13, 4, 1, 
2017/8/8, , 74, 19, 2, , 
2017/8/9, , 38, 16, 3, , 
2017/8/10, , 27, 18, 4, 1, 
2017/8/11, , 17, 12, 2, 1, 
2017/8/12, , 14, 19, 10, 1, 
2017/8/13, , 19, 24, 10, , 
2017/8/14, , 23, 23, 9, , 
2017/8/15, , 27, 13, 5, 1, 
2017/8/16, , 21, 14, 1, 1, 
2017/8/17, , 22, 5, 1, 1, 
2017/8/18, , 37, 17, 3, 1, 
2017/8/19, , 46, 20, 5, , 
2017/8/20, , 53, 16, 3, 1, 
2017/8/21, , 35, 22, 2, 1, 
2017/8/22, , 48, 27, 5, 1, 
2017/8/23, , 42, 22, 5, , 
2017/8/24, , 73, 24, 6, 1, 
2017/8/25, , 58, 22, 6, 1, 
2017/8/26, , 46, 24, 5, 1, 
2017/8/27, , 51, 23, 3, , 
2017/8/28, , 62, 8, 4, , 
2015/10/1, , 29, , , , 37
2015/10/2, , 27, , , , 41
2015/10/3, , 33, , , , 38
2015/10/4, , 28, , , , 38
2015/10/5, , 38, , , , 40
2015/10/6, , 40, , , , 39
2015/10/7, , 27, , , , 38
2015/10/8, , 24, , , , 39
2015/10/9, , 30, , , , 41
2015/10/10, , 27, , , , 39
2015/10/11, , 32, , , , 38
2015/10/12, , 18, , , , 38
2015/10/13, , 23, , , , 39
2015/10/14, , 21, , , , 39
2015/10/15, , 26, , , , 40
2015/10/16, , 36, , , , 41
2015/10/17, , 45, , , , 42
2015/10/18, , 45, , , , 45
2015/10/19, , 50, , , , 48
2015/10/20, , 52, , , , 42
2015/10/21, , 36, , , , 44
2015/10/22, , 38, , , , 43
2015/10/23, , 39, , , , 43
2015/10/24, , 48, , , , 42
2015/10/25, , 39, , , , 43
2015/10/26, , 46, , , , 43
2015/10/27, , 36, , , , 43
2015/10/28, , 33, , , , 44
2015/10/29, , 38, , , , 43
2015/10/30, , 31, , , , 42
2015/10/31, , 33, , , , 42
2015/11/1, , 25, , , , 
2015/11/11, , 20, , , , 45
2015/11/12, , 31, , , , 46
2015/11/13, , 41, , , , 45
2015/11/14, , 37, , , , 48
2015/11/15, , 40, , , , 47
2015/11/16, , 38, , , , 47
2015/11/17, , 39, , , , 47
2015/11/18, , 43, , , , 46
2015/11/19, , 35, , , , 
2015/11/20, , 29, , , , 
2015/11/21, , 30, , , , 
2015/11/22, , 35, , , , 
2015/7/1, , 21, 30, 11, , 26
2015/7/2, , 25, 23, 9, , 26
2015/7/3, , 24, 29, 10, , 26
2015/7/4, , 29, 32, 14, , 27
2015/7/5, , 30, 22, 16, , 27
2015/7/6, , 28, 33, 18, , 28
2015/7/7, , 39, 36, 20, , 27
2015/7/8, , 42, 27, 18, , 27
2015/7/9, , 42, 41, 19, , 27
2015/7/10, , 41, 59, 12, , 27
2015/7/11, , 33, 87, 12, , 27
2015/7/12, , 20, 41, 11, , 27
2015/7/13, , 24, 41, 20, , 28
2015/7/14, , 31, 65, 22, , 29
2015/7/15, , 27, 74, 14, , 29
2015/7/16, , 22, 66, 14, , 28
2015/7/17, , 23, 51, 20, , 28
2015/7/28, , 33, 25, 7, , 29
2015/7/29, , 33, 29, 5, , 29
2015/7/30, , 23, 30, 5, , 29
2015/7/31, , 25, 28, 5, , 29
2015/8/1, , 21, 21, 5, , 30
2015/8/2, , 28, 24, 6, , 30
2015/8/3, , 30, 21, 4, , 29
2015/8/4, , 20, 29, 2, , 29
2015/8/5, , 17, 42, 3, , 29
2015/8/6, , 21, 34, 4, , 47
2015/8/7, , 23, 40, 5, , 29
2015/8/8, , 24, 59, 5, , 29
2015/8/9, , 21, 58, 5, , 29
2015/8/10, , 29, 36, 5, , 29
2015/8/11, , 25, 62, 5, , 30
2015/8/12, , 35, 32, 7, , 30
2015/8/13, , 31, 59, 8, , 31
2015/8/14, , 35, 27, 9, , 32
2015/8/15, , 38, 55, 7, , 31
2015/8/16, , 42, , , , 
2015/8/28, , 17, 50, 4, , 31
2015/8/29, , 22, 62, 5, , 32
2015/8/30, , 25, 44, 5, , 32
2015/8/31, , 22, 11, 4, , 32
2015/9/1, , 22, 45, 5, , 32
2015/9/2, , 22, 42, 8, , 32
2015/9/3, , 24, 31, 8, , 33
2015/9/4, , 33, 55, 6, , 32
2015/9/5, , 22, 34, 6, , 32
2015/9/6, , 18, 37, 6, , 32
2015/9/7, , 17, 50, 6, , 32
2015/9/8, , 14, 44, 5, , 32
2015/9/9, , 20, 9, 5, , 33
2015/9/10, , 27, 17, 5, , 34
2015/9/11, , 25, 73, 2, , 33
2015/9/12, , 23, 30, 3, , 32
2015/9/13, , 16, 34, 6, , 32
2015/9/14, , 15, 13, 3, 8, 33
2015/9/15, , 21, 18, 3, 7, 34
2015/9/16, , 18, 27, 4, 5, 35
2015/9/17, , 14, 18, 7, 4, 34
2015/9/18, , 23, 72, 8, , 34
2015/9/19, , 30, 25, 7, , 38
2015/9/20, , 44, 69, 6, 3, 39
2015/9/21, , 54, 10, 5, 3, 37
2015/9/22, , 33, , , 3, 37
2015/9/23, , 36, , , 3, 36
2015/9/24, , 24, , , 3, 35
2015/9/25, , 20, , , , 35
2015/9/26, , 17, , , , 36
2015/9/27, , 27, , , , 36
2015/9/28, , 19, , , , 37
2015/9/29, , 30, , , , 37
2015/9/30, , 33, , , , 37
2015/4/1, , 42, 73, , 3, 21
2015/4/2, , 38, 56, , 3, 22
2015/4/3, , 39, 15, , 3, 22
2015/4/4, , 50, , , , 
2015/4/8, , 35, 4, , 2, 24
2015/4/9, , 42, , , , 
2015/4/11, , 36, , , , 
2015/4/22, , 43, 47, , 2, 24
2015/4/23, , 48, 50, 25, 4, 27
2015/4/24, , 44, 34, 23, 3, 24
2015/4/25, , 42, 43, 24, 2, 25
2015/4/26, , 38, 31, 16, 2, 24
2015/4/27, , 28, 31, 28, 1, 26
2015/4/28, , 48, 25, 22, 1, 24
2015/4/29, , 46, 32, 21, 2, 25
2015/4/30, , 50, 31, 16, 2, 23
2015/5/1, , 43, 30, 14, 1, 24
2015/5/2, , 31, 23, 12, 1, 23
2015/5/3, , 51, 19, 21, 5, 25
2015/5/4, , 51, 10, 22, 2, 25
2015/5/5, , 51, 6, 16, 2, 25
2015/5/6, , 37, 64, 17, 3, 24
2015/5/7, , 37, 64, 20, 2, 25
2015/5/8, , 48, 43, 15, 3, 24
2015/5/9, , 39, 52, 11, 3, 23
2015/5/10, , 41, 28, 14, 3, 24
2015/5/11, , 27, 50, 13, 2, 24
2015/5/12, , 30, 25, 15, 3, 24
2015/5/13, , 34, 31, 16, 2, 24
2015/5/14, , 29, 40, 17, 3, 24
2015/5/15, , 21, 32, 14, 2, 24
2015/5/16, , 27, 64, 14, 4, 24
2015/5/17, , 24, 34, 9, 3, 23
2015/5/18, , 16, 34, 9, 2, 23
2015/5/19, , 19, 39, 10, 2, 23
2015/5/20, , 18, 37, 12, 3, 24
2015/5/21, , 17, 39, 10, 3, 24
2015/5/22, , 20, 47, 12, 3, 24
2015/5/23, , 23, 52, 10, 3, 24
2015/5/24, , 27, 72, 12, 2, 24
2015/5/25, , 27, 57, 16, 2, 25
2015/5/26, , 29, 73, 14, 3, 25
2015/5/27, , 27, 101, 14, 3, 25
2015/5/28, , 32, 13, 12, 2, 24
2015/5/29, , 28, , , , 
2015/6/3, , 39, 42, 18, 2, 25
2015/6/4, , 30, 77, 16, 2, 26
2015/6/5, , 22, 59, 15, 3, 25
2015/6/6, , 18, 52, 13, 2, 25
2015/6/7, , 21, 39, 18, 2, 26
2015/6/8, , 27, 56, 14, 3, 25
2015/6/9, , 27, 51, 20, 2, 26
2015/6/10, , 27, 10, 16, 3, 25
2015/6/11, , 24, 10, 16, 2, 26
2015/6/12, , 28, 25, 18, 2, 26
2015/6/13, , 33, 33, 16, 2, 25
2015/6/14, , 22, 33, 19, 2, 26
2015/6/15, , 21, 8, 20, 1, 27
2015/6/16, , 35, 27, 15, 2, 26
2015/6/17, , 19, 20, 15, 2, 26
2015/6/18, , 22, 9, 12, 2, 26
2015/6/19, , 24, 29, 10, 2, 25
2015/6/20, , 19, 12, 7, 1, 25
2015/6/21, , 17, 24, 12, 1, 25
2015/6/22, , 22, 22, 13, 2, 26
2015/6/23, , 26, 24, 13, 2, 26
2015/6/24, , 21, 20, 14, 2, 26
2015/6/25, , 17, 27, 20, 2, 26
2015/6/26, , 36, 26, 19, 2, 26
2015/6/27, , 28, 17, 19, 2, 26
2015/6/28, , 23, 13, 22, 2, 26
2015/6/29, , 20, 21, 17, 2, 26
2015/6/30, , 20, 30, 14, , 26
2015/1/1, , 43, 65, , 2, 14
2015/1/2, , 48, 58, , 2, 16
2015/1/3, , 56, 80, , 3, 17
2015/1/4, , 58, 80, , 3, 19
2015/1/5, , 63, 68, , 3, 19
2015/1/6, , 66, 61, , 3, 18
2015/1/7, , 54, 19, , 1, 14
2015/1/8, , 46, 37, , 2, 16
2015/1/9, , 36, 29, , 4, 17
2015/1/10, , 52, 38, , 2, 18
2015/1/11, , 40, 34, , 2, 16
2015/1/12, , 33, 47, , 2, 15
2015/1/13, , 34, 53, , 2, 15
2015/1/14, , 48, 61, , 2, 16
2015/1/15, , 67, 52, , 3, 18
2015/1/16, , 61, 57, , 2, 16
2015/1/17, , 60, 64, , 2, 17
2015/1/18, , 63, 63, 41, 2, 17
2015/1/19, , 59, 82, 59, 3, 17
2015/1/20, , 58, 131, 49, 3, 19
2015/1/21, , 63, 106, 27, 4, 20
2015/1/22, , 75, 113, 34, 5, 21
2015/1/23, , 78, 120, 29, 3, 20
2015/1/24, , 66, 116, 25, 3, 20
2015/1/25, , 65, 3, 15, 2, 19
2015/1/26, , 58, , , , 
2015/1/29, , 62, 91, , 2, 18
2015/1/30, , 63, 65, , 3, 18
2015/1/31, , 66, 58, , 3, 18
2015/2/1, , 70, 65, , 2, 18
2015/2/2, , 65, 73, , 2, 18
2015/2/3, , 58, 48, , 3, 21
2015/2/4, , 61, 31, , 4, 19
2015/2/5, , 67, 25, , 4, 18
2015/2/6, , 67, 33, , 3, 21
2015/2/7, , 67, 25, , 4, 24
2015/2/8, , 78, 22, , 4, 21
2015/2/9, , 81, 27, , 5, 21
2015/2/10, , 70, 33, , 5, 23
2015/2/11, , 78, 11, , 4, 21
2015/2/12, , 67, 8, , 5, 19
2015/2/13, , 58, 20, , 2, 17
2015/2/14, , 46, 11, , 3, 17
2015/2/15, , 52, 11, , 3, 19
2015/2/16, , 51, 11, , 4, 19
2015/2/17, , 52, 11, , 3, 18
2015/2/18, , 51, 10, , 3, 18
2015/2/19, , 47, 9, , 2, 18
2015/2/20, , 40, 8, , 3, 17
2015/2/21, , 39, 8, , 2, 17
2015/2/22, , 44, 11, , 4, 18
2015/2/23, , 35, 9, , 2, 19
2015/2/24, , 40, 7, , 3, 19
2015/2/25, , 41, 26, , 3, 18
2015/2/26, , 33, 31, , 2, 18
2015/2/27, , 39, 53, , 3, 19
2015/2/28, , 41, 58, , 2, 18
2015/3/1, , 40, 18, , 2, 18
2015/3/2, , 35, 45, , 3, 18
2015/3/3, , 42, 84, , 3, 18
2015/3/4, , 41, 93, , 4, 19
2015/3/5, , 49, 59, , 3, 18
2015/3/6, , 44, 60, , 5, 18
2015/3/7, , 35, 49, , 4, 17
2015/3/8, , 33, 64, , 3, 19
2015/3/9, , 35, 43, , 4, 20
2015/3/10, , 48, 67, , 5, 21
2015/3/11, , 51, 47, , 5, 21
2015/3/12, , 50, 48, , 11, 25
2015/3/13, , 58, , , , 
2015/3/16, , 49, 56, , 10, 25
2015/3/17, , 53, 56, , 12, 26
2015/3/18, , 56, 47, , 10, 24
2015/3/19, , 59, 9, , 4, 26
2015/3/20, , 55, 38, , 3, 22
2015/3/21, , 51, 58, , 3, 22
2015/3/22, , 43, 19, , 4, 22
2015/3/23, , 46, 31, , 3, 23
2015/3/24, , 50, 48, , 3, 22
2015/3/25, , 52, 67, , 2, 22
2015/3/26, , 42, 66, , 3, 22
2015/3/27, , 44, 85, , 3, 23
2015/3/28, , 50, 52, , 2, 22
2015/3/29, , 43, 61, , 3, 22
2015/3/30, , 39, 78, , 2, 21
2015/3/31, , 38, 70, , 3, 21
2014/10/1, , 28, 37, 12, 3, 4
2014/10/2, , 21, 36, 16, 3, 5
2014/10/3, , 26, 56, 18, 4, 7
2014/10/4, , 36, 36, 10, 4, 4
2014/10/5, , 43, 16, 13, 3, 6
2014/10/6, , 30, 32, 12, 3, 6
2014/10/7, , 26, 31, 6, 3, 6
2014/10/8, , 48, 9, 7, 4, 6
2014/10/9, , 26, 33, 7, 2, 4
2014/10/10, , 27, , , , 
2014/10/12, , 41, 58, 10, 2, 7
2014/10/13, , 52, 52, 13, 3, 7
2014/10/14, , 52, 72, 16, 4, 8
2014/10/15, , 56, 73, 18, 4, 8
2014/10/16, , 64, 56, 14, 3, 9
2014/10/17, , 60, 42, 14, 2, 7
2014/10/18, , 48, 16, 14, 2, 8
2014/10/19, , 38, 18, 8, 3, 7
2014/10/20, , 33, 33, 11, 2, 6
2014/10/21, , 21, 34, 7, 2, 5
2014/10/22, , 25, , , , 
2014/10/25, , 21, 18, 17, 1, 15
2014/10/26, , 22, 35, 7, , 13
2014/10/27, , 25, 55, 7, 2, 10
2014/10/28, , 19, 23, 9, 2, 11
2014/10/29, , 20, 43, 5, 1, 11
2014/10/30, , 31, 20, 6, 2, 10
2014/10/31, , 34, 27, 6, 1, 5
2014/11/1, , 26, 34, 8, 2, 6
2014/11/2, , 25, 29, 8, 2, 6
2014/11/3, , 22, 23, 8, 2, 6
2014/11/4, , 22, 26, 8, 3, 8
2014/11/5, , 21, 49, 10, 3, 9
2014/11/6, , 47, 39, 9, 2, 8
2014/11/7, , 43, 26, 10, 2, 6
2014/11/8, , 29, 30, 10, 2, 6
2014/11/9, , 26, 37, 6, 2, 7
2014/11/10, , 29, 40, 2, 3, 8
2014/11/11, , 38, 54, , 2, 7
2014/11/12, , 39, 41, , 2, 7
2014/11/13, , 34, 43, , 2, 7
2014/11/14, , 22, 57, , 2, 9
2014/11/15, , 31, 59, , 4, 8
2014/11/16, , 40, 55, , 3, 7
2014/11/17, , 38, 65, 2, 2, 8
2014/11/18, , 37, 60, , 2, 8
2014/11/19, , 39, 83, , 3, 9
2014/11/20, , 46, 74, , 2, 9
2014/11/21, , 52, 66, , 2, 9
2014/11/22, , 49, 71, , 3, 9
2014/11/23, , 48, 70, , 3, 9
2014/11/24, , 47, 83, , 3, 9
2014/11/25, , 49, 79, , 4, 10
2014/11/26, , 51, 60, , 3, 10
2014/11/27, , 55, 65, , 3, 11
2014/11/28, , 53, 79, , 3, 12
2014/11/29, , 58, , , , 
2014/12/1, , 51, 5, , 3, 9
2014/12/2, , 45, 48, , 1, 15
2014/12/3, , 37, 61, , 2, 15
2014/12/4, , 45, 23, , 1, 12
2014/12/5, , 33, 37, , 2, 13
2014/12/6, , 28, 61, , 2, 14
2014/12/7, , 40, 39, , 3, 14
2014/12/8, , 45, 59, 2, 1, 12
2014/12/9, , 41, 60, , 2, 14
2014/12/10, , 52, 58, , 2, 13
2014/12/11, , 51, 48, , 2, 13
2014/12/12, , 55, 51, , 1, 12
2014/12/13, , 42, 74, , 2, 13
2014/12/14, , 41, 79, , 2, 13
2014/12/15, , 51, 50, , 2, 13
2014/12/16, , 53, 64, , 2, 12
2014/12/17, , 44, 68, , 3, 12
2014/12/18, , 53, 72, , 2, 13
2014/12/19, , 55, 80, , 1, 14
2014/12/20, , 59, 79, , 2, 13
2014/12/21, , 60, 85, , 2, 12
2014/12/22, , 54, 80, , 3, 13
2014/12/23, , 62, 73, , 2, 14
2014/12/24, , 67, 76, , 2, 14
2014/12/25, , 60, 82, , 4, 14
2014/12/26, , 57, 46, , 2, 14
2014/12/27, , 55, 50, , 1, 12
2014/12/28, , 52, , , , 
2014/7/1, , 30, 26, 12, 3, 6
2014/7/2, , 33, 30, 9, 3, 5
2014/7/3, , 20, 37, 11, 3, 5
2014/7/4, , 17, 36, 8, 3, 5
2014/7/5, , 14, 33, 8, 3, 4
2014/7/6, , 14, 28, 9, 3, 5
2014/7/7, , 14, 22, 5, 4, 5
2014/7/8, , 15, 28, 7, 3, 5
2014/7/9, , 11, 24, 8, 3, 5
2014/7/10, , 12, 33, 9, 3, 6
2014/7/11, , 30, 37, 7, 3, 6
2014/7/12, , 23, 34, 7, 3, 6
2014/7/13, , 18, 21, 12, 4, 7
2014/7/14, , 21, 18, 13, 4, 7
2014/7/15, , 39, 22, 10, 4, 7
2014/7/16, , 32, 24, 8, , 6
2014/7/17, , 17, 22, 7, 2, 4
2014/7/18, , 14, 11, 10, 3, 6
2014/7/19, , 15, , , , 
2014/7/22, , 32, 25, 7, 2, 4
2014/7/23, , 34, 26, 12, 2, 5
2014/7/24, , 43, 35, 15, 3, 5
2014/7/25, , 32, 35, 13, 3, 5
2014/7/26, , 32, 23, 12, 2, 5
2014/7/27, , 26, 11, 13, 3, 6
2014/7/28, , 21, 27, 11, 5, 6
2014/7/29, , 29, 5, 13, 1, 6
2014/7/31, , 27, 25, 7, 2, 5
2014/8/1, , 37, 27, 8, 3, 5
2014/8/2, , 29, 13, 15, 2, 6
2014/8/3, , 40, 28, 9, 3, 5
2014/8/4, , 36, 21, 9, 3, 6
2014/8/5, , 26, 27, 11, 1, 5
2014/8/6, , 20, 21, 10, 3, 6
2014/8/7, , 27, , , , 
2014/8/9, , 18, 33, 9, 2, 5
2014/8/10, , 19, 18, 8, 2, 5
2014/8/11, , 19, 17, 6, 2, 5
2014/8/12, , 18, 26, 9, 2, 7
2014/8/13, , 20, 36, 11, 4, 8
2014/8/14, , 29, 18, 13, 3, 6
2014/8/15, , 26, 23, 12, 3, 5
2014/8/16, , 32, 2, 13, 2, 5
2014/8/17, , 34, 32, 5, 3, 5
2014/8/18, , 28, 26, 12, 3, 5
2014/8/19, , 35, 35, 12, 4, 6
2014/8/20, , 35, 34, 13, 3, 6
2014/8/21, , 27, 21, 18, 4, 8
2014/8/22, , 39, 42, 22, 3, 10
2014/8/23, , 45, 30, 8, 2, 6
2014/8/24, , 38, 25, 10, 3, 6
2014/8/25, , 28, 23, 11, 3, 7
2014/8/26, , 32, 38, 14, 3, 5
2014/8/27, , 33, 23, 10, 2, 4
2014/8/28, , 26, 22, 8, 3, 5
2014/8/29, , 17, 20, 9, 2, 5
2014/8/30, , 19, 14, 7, 2, 5
2014/8/31, , 19, 14, 4, 2, 5
2014/9/1, , 16, 24, 4, 3, 5
2014/9/2, , 16, , , , 12
2014/9/3, , 51, 21, 3, 3, 6
2014/9/4, , 31, 21, 5, 2, 4
2014/9/5, , 15, 25, 8, 2, 5
2014/9/6, , 16, 19, 8, 2, 4
2014/9/7, , 18, 31, 6, 2, 4
2014/9/8, , 16, 25, 6, 2, 6
2014/9/9, , 15, 36, 10, 3, 5
2014/9/10, , 20, 24, 11, 3, 6
2014/9/11, , 28, 7, 10, 3, 6
2014/9/12, , 27, 34, 1, 1, 4
2014/9/13, , 17, 30, 5, 2, 5
2014/9/14, , 19, 2, 9, 2, 6
2014/9/15, , 21, 18, 10, 2, 6
2014/9/16, , 19, 18, 10, 3, 5
2014/9/17, , 18, 23, 11, 4, 5
2014/9/18, , 16, 24, 11, 2, 6
2014/9/19, , 20, 34, 11, 3, 6
2014/9/20, , 28, 27, 9, 3, 6
2014/9/21, , 26, 25, 10, 2, 6
2014/9/22, , 22, 27, 8, 4, 6
2014/9/23, , 33, 31, 10, 4, 7
2014/9/24, , 28, 15, 4, 2, 7
2014/9/25, , 33, 35, 7, 4, 5
2014/9/26, , 43, , , , 
2014/9/29, , 34, 36, 13, 3, 5
2014/9/30, , 29, 51, 13, 3, 4
2014/4/1, , 34, 68, 16, 6, 7
2014/4/2, , 53, 21, 19, 5, 7
2014/4/3, , 47, 30, 12, 3, 6
2014/4/4, , 40, 52, 10, 4, 7
2014/4/5, , 39, 53, 7, 6, 7
2014/4/6, , 50, 47, 13, 5, 7
2014/4/7, , 40, 56, 19, 4, 7
2014/4/8, , 48, 44, 19, 7, 10
2014/4/9, , 64, 54, 20, 9, 13
2014/4/10, , 68, 17, 20, 6, 10
2014/4/11, , 69, 11, 16, 4, 9
2014/4/12, , 66, 63, 11, 4, 8
2014/4/13, , 58, 52, 11, 5, 8
2014/4/14, , 54, 19, 10, 1, 6
2014/4/15, , 43, 42, 12, 4, 7
2014/4/16, , 45, 36, 17, 3, 7
2014/4/17, , 63, 14, 19, 5, 8
2014/4/18, , 55, 32, 15, 4, 8
2014/4/19, , 62, 30, 8, 5, 7
2014/4/20, , 50, 22, 11, 5, 9
2014/4/21, , 46, 13, 12, 4, 9
2014/4/22, , 20, 8, 14, 2, 12
2014/4/23, , 39, 50, 9, 3, 10
2014/4/24, , 39, 71, 12, 4, 10
2014/4/25, , 31, 44, 15, 4, 9
2014/4/26, , 36, 30, 11, 4, 7
2014/4/27, , 43, 16, 21, 4, 9
2014/4/28, , 40, 43, 17, 5, 7
2014/4/29, , 53, 57, 13, 5, 6
2014/4/30, , 44, 38, 11, 4, 5
2014/5/1, , 40, 44, 19, 3, 7
2014/5/2, , 32, 41, 12, 4, 5
2014/5/3, , 50, 39, 16, 4, 5
2014/5/4, , 39, 22, 19, 4, 6
2014/5/5, , 30, 37, 16, 3, 5
2014/5/6, , 40, 57, 10, 3, 5
2014/5/7, , 27, 82, 12, 4, 8
2014/5/8, , 39, 56, 10, 3, 5
2014/5/9, , 36, 41, 14, 3, 5
2014/5/10, , 32, 29, 9, 2, 4
2014/5/11, , 28, 52, 9, 3, 4
2014/5/12, , 20, 30, 8, 2, 4
2014/5/13, , 19, 43, 12, 3, 5
2014/5/14, , 26, 45, 10, 2, 4
2014/5/15, , 21, 43, 13, 4, 5
2014/5/16, , 20, 46, 11, 4, 5
2014/5/17, , 21, 18, 10, 4, 5
2014/5/18, , 29, 52, 10, 2, 5
2014/5/19, , 24, 45, 9, 2, 4
2014/5/20, , 17, 31, 11, 3, 4
2014/5/21, , 20, 37, 12, 7, 6
2014/5/22, , 25, 8, 16, 10, 12
2014/5/23, , 40, 43, 15, 7, 8
2014/5/24, , 35, 20, 15, 6, 7
2014/5/25, , 37, 41, 18, 6, 7
2014/5/26, , 35, 11, 18, 5, 6
2014/5/27, , 44, 46, 12, 3, 5
2014/5/28, , 33, 36, 10, 3, 5
2014/5/29, , 21, 63, 10, 2, 6
2014/5/30, , 19, 45, 11, 2, 5
2014/5/31, , 20, 25, 10, 2, 5
2014/6/1, , 18, 32, 9, 2, 6
2014/6/2, , 15, 32, 7, 2, 5
2014/6/3, , 13, 22, 12, 3, 6
2014/6/4, , 23, 30, 10, 4, 6
2014/6/5, , 18, 26, 15, 5, 6
2014/6/6, , 19, 26, 12, 4, 6
2014/6/7, , 19, 21, 9, 5, 5
2014/6/8, , 31, 25, 10, 4, 4
2014/6/9, , 24, 29, 11, 4, 5
2014/6/10, , 23, 23, 12, 4, 5
2014/6/11, , 23, 34, 10, 4, 5
2014/6/12, , 17, 31, 13, 4, 5
2014/6/13, , 18, 17, 10, 4, 4
2014/6/14, , 20, , , , 
2014/6/16, , 32, 35, 13, 5, 5
2014/6/17, , 25, 27, 10, 5, 6
2014/6/18, , 47, 32, 10, 4, 6
2014/6/19, , 41, 20, 7, 4, 5
2014/6/20, , 45, 45, 5, 4, 3
2014/6/21, , 50, 29, 14, 3, 4
2014/6/22, , 39, 36, 8, 4, 5
2014/6/23, , 31, 30, 9, 4, 5
2014/6/24, , 24, 21, 10, 3, 4
2014/6/25, , 23, 7, 14, 5, 5
2014/6/26, , 40, 10, 12, 4, 5
2014/6/27, , 34, 22, 6, 3, 3
2014/6/28, , 29, 28, 3, 2, 3
2014/6/29, , 30, 36, 7, 3, 4
2014/6/30, , 30, 22, 17, 4, 6
2014/1/24, , 89, 17, 59, , 21
2014/1/25, , 94, , 21, 11, 11
2014/1/26, , 107, , , , 
2014/1/30, , 82, 47, 23, 4, 9
2014/1/31, , 69, 67, 33, 5, 11
2014/2/1, , 67, 73, 27, 4, 10
2014/2/2, , 63, 75, 23, 4, 9
2014/2/3, , 58, 66, 17, 3, 9
2014/2/4, , 61, 37, 20, 4, 8
2014/2/5, , 60, 23, 24, 4, 8
2014/2/6, , 55, 26, 19, 7, 7
2014/2/7, , 54, 27, 17, 7, 8
2014/2/8, , 49, 47, 17, 6, 9
2014/2/9, , 51, 50, 21, 6, 10
2014/2/10, , 54, 35, 21, 7, 8
2014/2/11, , 69, 32, 16, 4, 6
2014/2/12, , 52, 37, 18, 4, 7
2014/2/13, , 52, 42, 17, 3, 8
2014/2/14, , 51, 20, 17, 2, 7
2014/2/15, , 46, 42, 13, 3, 8
2014/2/16, , 46, 29, 17, 4, 9
2014/2/17, , 49, 30, 19, 3, 8
2014/2/18, , 38, 31, 24, 3, 9
2014/2/19, , 47, 24, 12, 3, 9
2014/2/20, , 53, 20, 34, 4, 15
2014/2/22, , 66, 43, 21, 5, 11
2014/2/23, , 60, 38, 20, 4, 9
2014/2/24, , 51, 31, 21, 7, 9
2014/2/25, , 56, 32, 22, 6, 8
2014/2/26, , 55, 39, 17, 6, 7
2014/2/27, , 50, 59, 18, 7, 8
2014/2/28, , 51, 53, 21, 6, 8
2014/3/1, , 59, 60, 21, 9, 11
2014/3/2, , 57, 47, 23, 8, 12
2014/3/3, , 68, 35, 17, 7, 12
2014/3/4, , 66, 14, 16, 9, 8
2014/3/5, , 69, 31, 21, 10, 15
2014/3/6, , 80, 38, 17, 11, 9
2014/3/7, , 74, 52, 22, 12, 11
2014/3/8, , 75, 41, 24, 13, 17
2014/3/9, , 74, 40, 16, 12, 10
2014/3/10, , 76, 56, 20, 8, 12
2014/3/11, , 59, 47, 20, 9, 11
2014/3/12, , 54, 68, 22, 10, 14
2014/3/13, , 62, 71, 9, 9, 12
2014/3/14, , 64, 65, 9, 8, 14
2014/3/15, , 57, 8, 9, 10, 16
2014/3/16, , 64, 8, 11, 10, 12
2014/3/17, , 66, , , , 
2014/3/20, , 53, 51, 22, 8, 15
2014/3/21, , 62, 18, 21, 6, 10
2014/3/22, , 72, 70, 15, 3, 12
2014/3/23, , 49, 82, 19, 3, 12
2014/3/24, , 57, 90, 20, 3, 11
2014/3/25, , 52, 47, 21, 5, 8
2014/3/26, , 50, 93, 20, 6, 8
2014/3/27, , 49, 73, 17, 10, 8
2014/3/28, , 48, 69, 18, 5, 8
2014/3/30, , 37, 42, 15, 6, 6
2014/3/31, , 31, 32, 13, 6, 7
2021/1/10, , , 28, , , 
2021/1/11, , , 24, , , 
2018/3/5, , , 5, 8, 1, 
2018/3/6, , , 11, 3, 1, 
2018/3/7, , , 10, , , 
2018/3/11, , , 14, 17, 1, 
2018/3/12, , , 58, 9, 1, 
2018/3/13, , , 66, 6, 1, 
2018/3/14, , , 37, 7, 1, 
2018/3/15, , , 49, 9, 1, 
2018/3/16, , , 33, 9, 1, 
2018/3/17, , , 37, 6, 1, 
2018/3/18, , , 30, 6, 1, 
2018/3/19, , , 38, 7, 1, 
2018/3/20, , , 62, 7, 1, 
2018/3/21, , , 35, 9, 1, 
2018/3/22, , , 34, 14, 1, 
2018/3/23, , , 44, 12, 1, 
2018/3/24, , , 52, 11, 1, 
2018/3/25, , , 46, 10, 1, 
2018/3/26, , , 43, 15, 1, 
2018/3/27, , , 44, 11, , 
2018/3/28, , , 29, 6, , 
2018/3/29, , , 35, 5, , 
2018/3/30, , , 30, 4, , 
2018/3/31, , , 8, , , 
2017/7/1, , , 20, 4, 1, 
2017/7/2, , , 16, 4, 1, 
2017/7/3, , , 16, 4, 1, 
2017/7/4, , , 17, 5, , 
2017/7/5, , , 16, 5, , 
2017/7/6, , , 21, 4, 1, 
2017/7/7, , , 19, 4, , 
2017/7/8, , , 3, 5, , 
2017/7/15, , , 9, 4, , 
2017/4/1, , , 24, 5, , 
2017/4/2, , , 33, 8, , 
2017/4/3, , , 44, 8, , 
2017/4/4, , , 41, 10, 1, 
2017/4/5, , , 33, 9, , 
2017/4/6, , , 9, 7, , 
2017/4/7, , , 22, 5, , 
2017/4/8, , , 25, 5, , 
2017/4/9, , , 8, 3, , 
2017/4/10, , , 19, 3, 1, 
2017/4/11, , , 7, 2, 1, 
2017/4/12, , , 19, 2, 1, 
2017/4/13, , , 28, 2, , 
2017/4/14, , , 29, 3, 1, 
2017/4/15, , , 32, 3, 1, 
2017/4/16, , , 25, 3, 1, 
2017/4/17, , , 25, 4, 1, 
2017/4/18, , , 31, 4, , 
2017/4/19, , , 31, 4, , 
2017/4/20, , , 34, 6, , 
2017/4/21, , , 42, 6, 1, 
2017/4/22, , , 62, 10, 1, 
2017/4/23, , , 7, , , 
2017/4/25, , , 24, 4, 1, 
2017/4/26, , , 45, 4, , 
2017/4/27, , , 51, 4, , 
2017/4/28, , , 24, 6, , 
2017/4/29, , , 36, 7, , 
2017/4/30, , , 45, 4, , 
2017/5/1, , , 36, 6, 1, 
2017/5/2, , , 21, 4, , 
2017/5/3, , , 32, 5, , 
2017/5/4, , , 18, 4, , 
2017/5/5, , , 29, 12, 1, 
2017/5/6, , , 47, 6, , 
2017/5/7, , , 22, 8, , 
2017/5/8, , , 25, 6, , 
2017/5/9, , , 26, 4, , 
2017/5/10, , , 25, 5, , 
2017/5/11, , , 23, 7, , 
2017/5/12, , , 11, 6, , 
2017/5/13, , , 14, 4, , 
2017/5/14, , , 23, 5, 1, 
2017/5/15, , , 18, 4, , 
2017/5/16, , , 17, 4, , 
2017/5/17, , , 8, , , 
2017/5/19, , , 26, 7, , 
2017/5/20, , , 34, 5, , 
2017/5/21, , , 24, 7, , 
2017/5/22, , , 25, 8, 1, 
2017/5/23, , , 18, 6, , 
2017/5/24, , , 25, 8, , 
2017/5/25, , , 43, 7, , 
2017/5/26, , , 16, 8, , 
2017/5/27, , , 21, 5, , 
2017/5/28, , , 6, , , 
2017/5/30, , , 13, 7, , 
2017/5/31, , , 23, 6, , 
2017/6/1, , , 14, 5, , 
2017/6/2, , , 21, 4, , 
2017/6/3, , , 20, 2, , 
2017/6/4, , , 8, , , 
2017/6/8, , , 26, 6, , 
2017/6/9, , , 16, 5, , 
2017/6/10, , , 18, 9, , 
2017/6/11, , , 18, 8, , 
2017/6/12, , , 20, 7, , 
2017/6/13, , , 25, 6, , 
2017/6/14, , , 20, 5, , 
2017/6/15, , , 19, 7, , 
2017/6/16, , , 17, 5, , 
2017/6/17, , , 19, 2, , 
2017/6/18, , , 18, 5, , 
2017/6/19, , , 20, 7, , 
2017/6/20, , , 21, 5, , 
2017/6/21, , , 21, 6, , 
2017/6/22, , , 14, 4, , 
2017/6/23, , , 18, 2, , 
2017/6/24, , , 6, 3, , 
2017/6/25, , , 19, 2, , 
2017/6/26, , , 19, 4, , 
2017/6/27, , , 23, 4, 1, 
2017/6/28, , , 27, 7, , 
2017/6/29, , , 22, 6, , 
2017/6/30, , , 12, 5, 1, 
2017/1/2, , , 46, 13, , 
2017/1/3, , , 35, 19, 1, 
2017/1/4, , , 41, 13, 1, 
2017/1/5, , , 44, 11, , 
2017/1/6, , , 40, 11, , 
2017/1/7, , , 54, 11, 1, 
2017/1/8, , , 27, 17, 1, 
2017/1/9, , , 27, 12, , 
2017/1/10, , , 26, 14, 1, 
2017/1/11, , , 28, 8, , 
2017/1/12, , , 33, 10, , 
2017/1/13, , , 42, 14, , 
2017/1/14, , , 65, 11, , 
2017/1/15, , , 41, 18, , 
2017/1/16, , , 72, 17, , 
2017/1/17, , , 43, 19, , 
2017/1/18, , , 39, 20, , 
2017/1/19, , , 55, 23, , 
2017/1/20, , , 50, 18, , 
2017/1/21, , , 56, 18, , 
2017/1/22, , , 41, , , 
2017/1/28, , , 35, 12, 1, 
2017/1/29, , , 54, 14, 1, 
2017/1/30, , , 41, 13, 1, 
2017/1/31, , , 41, 15, 1, 
2017/2/1, , , 17, , , 
2017/2/7, , , 41, 11, 1, 
2017/2/8, , , 44, 13, 1, 
2017/2/9, , , 55, 14, 1, 
2017/2/10, , , 38, 10, , 
2017/2/11, , , 35, , , 
2017/3/14, , , 49, 5, 1, 
2017/3/15, , , 35, 5, 1, 
2017/3/16, , , 28, 7, , 
2017/3/17, , , 18, 6, 1, 
2017/3/18, , , 16, , , 
2017/3/30, , , 39, 5, , 
2017/3/31, , , 29, 7, , 
2016/10/6, , , 22, 12, 1, 
2016/10/7, , , 23, 11, 1, 
2016/10/8, , , 21, 10, 1, 
2016/10/9, , , 24, 11, 1, 
2016/10/10, , , 28, 11, 1, 
2016/10/11, , , 40, 12, 1, 
2016/10/12, , , 37, 12, 1, 
2016/10/13, , , 13, , , 
2016/10/16, , , 21, 12, , 
2016/10/17, , , 30, 18, 1, 
2016/10/18, , , 37, 17, 1, 
2016/10/19, , , 38, 13, 1, 
2016/10/20, , , 22, 11, , 
2016/10/21, , , 28, 8, , 
2016/10/22, , , 27, 6, , 
2016/10/23, , , 30, , , 
2016/10/27, , , 17, 11, , 
2016/10/28, , , 29, 8, , 
2016/10/29, , , 15, 13, , 
2016/10/30, , , 23, 11, , 
2016/10/31, , , 23, 12, , 
2016/11/1, , , 22, 15, , 
2016/11/2, , , 29, 16, , 
2016/11/3, , , 33, 21, 1, 
2016/11/4, , , 40, 23, 1, 
2016/11/5, , , 37, 20, 1, 
2016/11/6, , , 49, 22, 1, 
2016/11/7, , , 39, 19, , 
2016/11/8, , , 34, 21, , 
2016/11/9, , , 23, 17, 1, 
2016/11/10, , , 22, 22, 1, 
2016/11/11, , , 33, 22, 1, 
2016/11/12, , , 37, 16, 1, 
2016/11/13, , , 27, 18, 1, 
2016/11/14, , , 32, 17, , 
2016/11/15, , , 27, 19, 1, 
2016/11/16, , , 36, 24, 1, 
2016/11/17, , , 31, 24, 1, 
2016/11/18, , , 33, 20, 1, 
2016/11/19, , , 41, 15, , 
2016/11/20, , , 36, 19, 1, 
2016/11/21, , , 39, 18, 2, 
2016/11/22, , , 43, 18, 1, 
2016/11/23, , , 42, 17, , 
2016/11/24, , , 24, 20, 1, 
2016/11/25, , , 29, 18, , 
2016/11/26, , , 33, 16, 1, 
2016/11/27, , , 41, 17, 1, 
2016/11/28, , , 28, 18, 1, 
2016/11/29, , , 44, 17, 1, 
2016/11/30, , , 55, 18, 1, 
2016/12/1, , , 47, 13, , 
2016/12/2, , , 49, 16, 1, 
2016/12/3, , , 48, 17, , 
2016/12/4, , , 44, 14, , 
2016/12/5, , , 42, 15, 1, 
2016/12/6, , , 35, 17, , 
2016/12/7, , , 45, 20, 1, 
2016/12/8, , , 51, 20, 1, 
2016/12/9, , , 56, 22, 1, 
2016/12/10, , , 58, 15, 1, 
2016/12/11, , , 61, 15, 1, 
2016/12/12, , , 55, 13, 1, 
2016/12/13, , , 58, 15, 1, 
2016/12/14, , , 41, 13, , 
2016/12/15, , , 40, 12, , 
2016/12/16, , , 36, 14, 1, 
2016/12/17, , , 56, 13, 1, 
2016/12/18, , , 63, 6, 2, 
2016/12/19, , , 32, 20, 1, 
2016/12/20, , , 71, 17, 1, 
2016/12/21, , , 52, 17, , 
2016/12/22, , , 40, 11, , 
2016/12/23, , , 36, 15, , 
2016/12/24, , , 44, 18, 1, 
2016/12/25, , , 60, 20, 1, 
2016/12/26, , , 56, 18, 1, 
2016/12/27, , , 39, 12, , 
2016/12/28, , , 56, 19, 1, 
2016/12/29, , , 52, 14, , 
2016/12/30, , , 53, 10, , 
2016/12/31, , , 50, , , 
2016/8/28, , , 14, 13, 1, 
2016/8/29, , , 25, , , 
2016/8/30, , , 11, , , 
2016/8/31, , , 6, 34, 1, 
2016/9/1, , , 9, , , 
2016/9/20, , , 16, 11, , 
2016/9/21, , , 25, 12, , 
2016/9/22, , , 31, 19, , 
2016/9/23, , , 20, 14, , 
2016/9/24, , , 27, 14, , 
2016/9/25, , , 27, 10, , 
2016/9/26, , , 28, 13, , 
2016/9/27, , , 23, 7, , 
2016/9/28, , , 14, , , 
2015/7/18, , , 44, 11, , 28
2015/7/19, , , 63, 12, , 29
2015/7/20, , , 31, 30, , 28
2015/7/21, , , 35, 16, , 28
2015/7/22, , , 40, 23, , 28
2015/7/23, , , 53, 9, , 29
2015/7/24, , , 44, 8, , 29
2015/7/25, , , 34, 12, , 29
2015/7/26, , , 26, 10, , 31
2015/7/27, , , 22, 8, , 29
2015/8/27, , , 34, 9, , 31
2015/4/7, , , 39, , 2, 22
2015/4/10, , , 16, , 2, 22
2015/4/21, , , 48, , 4, 23
2015/6/2, , , 37, 20, 2, 26
2014/12/31, , , 52, , 2, 13
2015/1/27, , , 109, , 2, 20
2015/1/28, , , 126, , 2, 18
2015/3/15, , , 65, , 10, 22
2014/10/11, , , 24, 13, 1, 8
2014/10/23, , , 21, 8, , 13
2014/10/24, , , 21, 4, 2, 11
2014/11/30, , , 66, , 3, 9
2014/7/20, , , 6, 21, 2, 6
2014/7/21, , , 31, 11, 2, 5
2014/7/30, , , 13, 10, 2, 7
2014/8/8, , , 2, 19, , 7
2014/9/28, , , 42, 12, 4, 4
2014/6/15, , , 25, 11, 6, 5
2014/1/23, , , 92, 31, 6, 13
2014/1/28, , , 38, 47, 8, 13
2014/1/29, , , 20, 47, 7, 15
2014/2/21, , , 38, 32, 5, 15
2014/3/19, , , 49, 18, 7, 10
2014/3/29, , , 42, 11, 6, 6
2018/3/4, , , , 9, 1, 
2018/3/10, , , , 14, 1, 
2017/7/9, , , , 2, , 
2017/7/12, , , , 3, , 
2017/7/13, , , , 7, , 
2017/7/14, , , , 3, , 
2017/4/24, , , , 4, , 
2017/5/18, , , , 8, , 
2017/5/29, , , , 7, , 
2017/6/7, , , , 3, , 
2017/1/1, , , , 12, , 
2017/1/27, , , , 14, 1, 
2017/2/6, , , , 8, , 
2017/3/13, , , , 7, 1, 
2017/3/29, , , , 7, , 
2016/10/5, , , , 11, 1, 
2016/10/15, , , , 11, , 
2016/10/26, , , , 12, , 
2016/8/27, , , , 11, , 
2016/9/19, , , , 10, , 
2015/4/20, , , , , 2, 
2015/11/10, , , , , , 43